city,oblast,p2013,p2014,p2015
м. Сімферополь,Автономна Республіка Крим,337285.0,338319.0,NA
смт Аграрне,Автономна Республіка Крим,6034.0,6093.0,NA
смт Аерофлотський,Автономна Республіка Крим,2325.0,2359.0,NA
смт Гресівський,Автономна Республіка Крим,11391.0,11509.0,NA
смт Комсомольське,Автономна Республіка Крим,4869.0,4892.0,NA
м. Алушта,Автономна Республіка Крим,28418.0,28295.0,NA
смт Партеніт,Автономна Республіка Крим,6089.0,6086.0,NA
м. Армянськ,Автономна Республіка Крим,22337.0,22286.0,NA
м. Джанкой,Автономна Республіка Крим,36086.0,35693.0,NA
м. Євпаторія,Автономна Республіка Крим,106877.0,107040.0,NA
смт Заозерне,Автономна Республіка Крим,4996.0,5023.0,NA
смт Мирний,Автономна Республіка Крим,4209.0,4210.0,NA
смт Новоозерне,Автономна Республіка Крим,7383.0,7393.0,NA
м. Керч,Автономна Республіка Крим,145265.0,144626.0,NA
м. Красноперекопськ,Автономна Республіка Крим,29815.0,29672.0,NA
м. Саки,Автономна Республіка Крим,23655.0,23391.0,NA
м. Судак,Автономна Республіка Крим,15457.0,15532.0,NA
смт Новий Світ,Автономна Республіка Крим,1100.0,1117.0,NA
м. Феодосія,Автономна Республіка Крим,69461.0,69040.0,NA
смт Коктебель,Автономна Республіка Крим,2863.0,2869.0,NA
смт Курортне,Автономна Республіка Крим,340.0,337.0,NA
смт Орджонікідзе,Автономна Республіка Крим,2643.0,2650.0,NA
смт Приморський,Автономна Республіка Крим,14938.0,14975.0,NA
смт Щебетовка,Автономна Республіка Крим,3504.0,3601.0,NA
м. Ялта,Автономна Республіка Крим,78115.0,78200.0,NA
м. Алупка,Автономна Республіка Крим,8520.0,8528.0,NA
смт Берегове,Автономна Республіка Крим,487.0,489.0,NA
смт Виноградне,Автономна Республіка Крим,1377.0,1406.0,NA
смт Відрадне,Автономна Республіка Крим,680.0,694.0,NA
смт Восход,Автономна Республіка Крим,452.0,456.0,NA
смт Гаспра,Автономна Республіка Крим,11384.0,11384.0,NA
смт Голуба затока,Автономна Республіка Крим,448.0,443.0,NA
смт Гурзуф,Автономна Республіка Крим,9117.0,9152.0,NA
смт Кацівелі,Автономна Республіка Крим,622.0,625.0,NA
смт Кореїз,Автономна Республіка Крим,6304.0,6337.0,NA
смт Краснокам'янка,Автономна Республіка Крим,1014.0,1021.0,NA
смт Курпати,Автономна Республіка Крим,417.0,415.0,NA
смт Лівадія,Автономна Республіка Крим,1634.0,1636.0,NA
смт Масандра,Автономна Республіка Крим,8571.0,8623.0,NA
смт Нікіта,Автономна Республіка Крим,2466.0,2475.0,NA
смт Ореанда,Автономна Республіка Крим,902.0,921.0,NA
смт Паркове,Автономна Республіка Крим,490.0,500.0,NA
смт Понизівка,Автономна Республіка Крим,380.0,384.0,NA
смт Санаторне,Автономна Республіка Крим,490.0,490.0,NA
смт Симеїз,Автономна Республіка Крим,3901.0,3919.0,NA
смт Совєтське,Автономна Республіка Крим,575.0,579.0,NA
смт Форос,Автономна Республіка Крим,1994.0,1996.0,NA
м. Бахчисарай,Автономна Республіка Крим,26482.0,26651.0,NA
смт Куйбишеве,Автономна Республіка Крим,2407.0,2441.0,NA
смт Научний,Автономна Республіка Крим,783.0,780.0,NA
смт Поштове,Автономна Республіка Крим,3194.0,3214.0,NA
м. Білогірськ,Автономна Республіка Крим,18220.0,18252.0,NA
смт Зуя,Автономна Республіка Крим,7085.0,7156.0,NA
смт Азовське,Автономна Республіка Крим,3798.0,3813.0,NA
смт Вільне,Автономна Республіка Крим,2055.0,2059.0,NA
м. Старий Крим,Автономна Республіка Крим,9512.0,9478.0,NA
смт Кіровське,Автономна Республіка Крим,7067.0,7069.0,NA
смт Красногвардійське,Автономна Республіка Крим,10766.0,10779.0,NA
смт Октябрське,Автономна Республіка Крим,11572.0,11684.0,NA
м. Щолкіне,Автономна Республіка Крим,11184.0,11169.0,NA
смт Леніне,Автономна Республіка Крим,7881.0,7826.0,NA
смт Багерове,Автономна Республіка Крим,3894.0,3908.0,NA
смт Нижньогірський,Автономна Республіка Крим,9460.0,9436.0,NA
смт Первомайське,Автономна Республіка Крим,9001.0,8964.0,NA
смт Роздольне,Автономна Республіка Крим,7320.0,7291.0,NA
смт Новоселівське,Автономна Республіка Крим,3415.0,3427.0,NA
смт Новофедорівка,Автономна Республіка Крим,6558.0,6584.0,NA
смт Гвардійське,Автономна Республіка Крим,12711.0,12702.0,NA
смт Молодіжне,Автономна Республіка Крим,7235.0,7261.0,NA
смт Миколаївка,Автономна Республіка Крим,2761.0,2750.0,NA
смт Совєтський,Автономна Республіка Крим,9996.0,10069.0,NA
смт Чорноморське,Автономна Республіка Крим,11098.0,11092.0,NA
м. Вінниця,Вінницька область,371698.0,372116.0,372484.0
м. Жмеринка,Вінницька область,35390.0,35354.0,35284.0
м. Козятин,Вінницька область,24247.0,24180.0,24175.0
смт Залізничне,Вінницька область,1002.0,1004.0,1004.0
м. Ладижин,Вінницька область,22961.0,22783.0,22778.0
м. Могилів-Подільський,Вінницька область,32056.0,31832.0,31674.0
м. Хмільник,Вінницька область,28209.0,28275.0,28332.0
м. Бар,Вінницька область,16442.0,16380.0,16409.0
смт Копайгород,Вінницька область,1318.0,1294.0,1289.0
м. Бершадь,Вінницька область,13160.0,13098.0,13038.0
смт Вороновиця,Вінницька область,6591.0,6636.0,6635.0
смт Десна,Вінницька область,1333.0,1330.0,1326.0
смт Стрижавка,Вінницька область,9046.0,9074.0,9087.0
м. Гайсин,Вінницька область,25855.0,25879.0,25920.0
смт Браїлів,Вінницька область,4750.0,4739.0,4691.0
м. Іллінці,Вінницька область,11366.0,11360.0,11374.0
смт Дашів,Вінницька область,3943.0,3954.0,3927.0
м. Калинівка,Вінницька область,19291.0,19226.0,19203.0
смт Бродецьке,Вінницька область,2299.0,2298.0,2282.0
смт Глухівці,Вінницька область,3443.0,3425.0,3430.0
смт Крижопіль,Вінницька область,9011.0,8945.0,8938.0
м. Липовець,Вінницька область,8727.0,8691.0,8674.0
смт Турбів,Вінницька область,6527.0,6484.0,6467.0
смт Літин,Вінницька область,6719.0,6766.0,6742.0
смт Вендичани,Вінницька область,3909.0,3861.0,3867.0
смт Муровані Курилівці,Вінницька область,6039.0,5997.0,5977.0
м. Немирів,Вінницька область,11900.0,11861.0,11829.0
смт Брацлав,Вінницька область,5681.0,5635.0,5557.0
смт Ситківці,Вінницька область,2366.0,2332.0,2304.0
смт Оратів,Вінницька область,2882.0,2861.0,2874.0
смт Піщанка,Вінницька область,5318.0,5282.0,5296.0
смт Рудниця,Вінницька область,1173.0,1163.0,1158.0
м. Погребище,Вінницька область,9898.0,9814.0,9765.0
смт Теплик,Вінницька область,6456.0,6415.0,6376.0
м. Гнівань,Вінницька область,12587.0,12577.0,12570.0
смт Тиврів,Вінницька область,4252.0,4247.0,4162.0
смт Сутиски,Вінницька область,6151.0,6168.0,6137.0
смт Томашпіль,Вінницька область,5513.0,5507.0,5495.0
смт Вапнярка,Вінницька область,7893.0,7830.0,7840.0
смт Тростянець,Вінницька область,7840.0,7838.0,7818.0
м. Тульчин,Вінницька область,15849.0,15845.0,15763.0
смт Кирнасівка,Вінницька область,5283.0,5269.0,5228.0
смт Шпиків,Вінницька область,3355.0,3320.0,3284.0
смт Чернівці,Вінницька область,2891.0,2867.0,2830.0
смт Чечельник,Вінницька область,5166.0,5147.0,5132.0
м. Шаргород,Вінницька область,6975.0,6981.0,6987.0
м. Ямпіль,Вінницька область,11300.0,11329.0,11346.0
м. Луцьк,Волинська область,214727.0,216076.0,217103.0
м. Володимир-Волинський,Волинська область,38870.0,38964.0,39074.0
м. Ковель,Волинська область,68912.0,69032.0,69342.0
м. Нововолинськ,Волинська область,53199.0,53298.0,53249.0
смт Жовтневе,Волинська область,4748.0,4776.0,4791.0
м. Устилуг,Волинська область,2214.0,2218.0,2200.0
м. Горохів,Волинська область,9093.0,9172.0,9165.0
м. Берестечко,Волинська область,1752.0,1757.0,1727.0
смт Мар'янівка,Волинська область,2807.0,2824.0,2818.0
смт Сенкевичівка,Волинська область,1307.0,1291.0,1282.0
смт Іваничі,Волинська область,6810.0,6776.0,6738.0
м. Камінь-Каширський,Волинська область,12018.0,12190.0,12330.0
м. Ківерці,Волинська область,14611.0,14480.0,14376.0
смт Олика,Волинська область,3133.0,3138.0,3130.0
смт Цумань,Волинська область,6339.0,6371.0,6423.0
смт Голоби,Волинська область,4098.0,4104.0,4078.0
смт Люблинець,Волинська область,4483.0,4504.0,4535.0
смт Локачі,Волинська область,3920.0,3888.0,3887.0
смт Рокині,Волинська область,1537.0,1538.0,1539.0
смт Торчин,Волинська область,4509.0,4541.0,4581.0
смт Любешів,Волинська область,5731.0,5774.0,5819.0
м. Любомль,Волинська область,10246.0,10274.0,10397.0
смт Головне,Волинська область,3015.0,3006.0,3025.0
смт Маневичі,Волинська область,10582.0,10659.0,10724.0
смт Колки,Волинська область,4048.0,4040.0,4048.0
смт Ратне,Волинська область,9722.0,9843.0,9943.0
смт Заболоття,Волинська область,4330.0,4372.0,4374.0
м. Рожище,Волинська область,13327.0,13306.0,13245.0
смт Дубище,Волинська область,1918.0,1928.0,1945.0
смт Стара Вижівка,Волинська область,5231.0,5256.0,5279.0
смт Турійськ,Волинська область,5754.0,5775.0,5812.0
смт Луків,Волинська область,3101.0,3126.0,3144.0
смт Шацьк,Волинська область,5343.0,5357.0,5336.0
м. Дніпропетровськ,Дніпропетровська область,997754.0,993094.0,989769.0
смт Авіаторське,Дніпропетровська область,2403.0,2418.0,2410.0
м. Вільногірськ,Дніпропетровська область,23764.0,23766.0,23661.0
м. Дніпродзержинськ,Дніпропетровська область,241880.0,241475.0,240682.0
смт Карнаухівка,Дніпропетровська область,6607.0,6665.0,6685.0
м. Жовті Води,Дніпропетровська область,47509.0,47284.0,46763.0
м. Кривий Ріг,Дніпропетровська область,656478.0,652137.0,647727.0
м. Марганець,Дніпропетровська область,48546.0,48345.0,48144.0
смт Мар'ївка,Дніпропетровська область,346.0,372.0,373.0
м. Нікополь,Дніпропетровська область,118720.0,117857.0,116834.0
м. Новомосковськ,Дніпропетровська область,70787.0,71299.0,71488.0
м. Орджонікідзе,Дніпропетровська область,41374.0,41152.0,40857.0
смт Гірницьке,Дніпропетровська область,365.0,360.0,359.0
смт Чортомлик,Дніпропетровська область,1382.0,1375.0,1378.0
м. Павлоград,Дніпропетровська область,110070.0,109739.0,109305.0
м. Першотравенськ,Дніпропетровська область,29019.0,28994.0,28973.0
м. Синельникове,Дніпропетровська область,31568.0,31576.0,31528.0
м. Тернівка,Дніпропетровська область,28920.0,28853.0,28863.0
м. Апостолове,Дніпропетровська область,14432.0,14348.0,14252.0
м. Зеленодольськ,Дніпропетровська область,13947.0,13907.0,13792.0
смт Васильківка,Дніпропетровська область,11916.0,11958.0,11944.0
смт Письменне,Дніпропетровська область,1268.0,1248.0,1224.0
смт Чаплине,Дніпропетровська область,3935.0,3912.0,3885.0
м. Верхньодніпровськ,Дніпропетровська область,16885.0,16760.0,16619.0
м. Верхівцеве,Дніпропетровська область,10033.0,10062.0,10089.0
смт Дніпровське,Дніпропетровська область,5682.0,5677.0,5659.0
смт Новомиколаївка,Дніпропетровська область,4187.0,4162.0,4155.0
м. Підгородне,Дніпропетровська область,19498.0,19530.0,19601.0
смт Кіровське,Дніпропетровська область,9290.0,9285.0,9273.0
смт Ювілейне,Дніпропетровська область,12801.0,12947.0,13009.0
смт Радушне,Дніпропетровська область,3809.0,3813.0,3817.0
смт Христофорівка,Дніпропетровська область,1450.0,1433.0,1429.0
смт Кринички,Дніпропетровська область,4302.0,4268.0,4252.0
смт Аули,Дніпропетровська область,4177.0,4196.0,4187.0
смт Щорськ,Дніпропетровська область,2771.0,2735.0,2711.0
смт Магдалинівка,Дніпропетровська область,6506.0,6449.0,6386.0
смт Межова,Дніпропетровська область,7539.0,7520.0,7563.0
смт Демурине,Дніпропетровська область,1144.0,1130.0,1105.0
смт Червоногригорівка,Дніпропетровська область,6661.0,6600.0,6556.0
м. Перещепине,Дніпропетровська область,10178.0,10138.0,10151.0
смт Гвардійське,Дніпропетровська область,6058.0,6202.0,6227.0
смт Губиниха,Дніпропетровська область,5656.0,5637.0,5636.0
смт Меліоративне,Дніпропетровська область,4284.0,4267.0,4237.0
смт Черкаське,Дніпропетровська область,4239.0,4258.0,4351.0
смт Петриківка,Дніпропетровська область,4741.0,4743.0,4753.0
смт Курилівка,Дніпропетровська область,2641.0,2646.0,2616.0
смт Миколаївка,Дніпропетровська область,1291.0,1281.0,1275.0
смт Петропавлівка,Дніпропетровська область,7553.0,7462.0,7378.0
смт Брагинівка,Дніпропетровська область,328.0,301.0,269.0
смт Покровське,Дніпропетровська область,10264.0,10187.0,10132.0
смт Просяна,Дніпропетровська область,5102.0,5086.0,5031.0
м. П'ятихатки,Дніпропетровська область,18944.0,18886.0,18868.0
смт Вишневе,Дніпропетровська область,2389.0,2378.0,2350.0
смт Лихівка,Дніпропетровська область,2076.0,2045.0,2022.0
смт Іларіонове,Дніпропетровська область,8992.0,9022.0,9005.0
смт Роздори,Дніпропетровська область,1767.0,1776.0,1763.0
смт Сад,Дніпропетровська область,477.0,480.0,479.0
смт Славгород,Дніпропетровська область,2295.0,2284.0,2282.0
смт Солоне,Дніпропетровська область,7665.0,7641.0,7675.0
смт Новопокровка,Дніпропетровська область,1933.0,1920.0,1895.0
смт Софіївка,Дніпропетровська область,7094.0,7002.0,6995.0
смт Томаківка,Дніпропетровська область,7132.0,7133.0,7073.0
смт Царичанка,Дніпропетровська область,7654.0,7610.0,7609.0
смт Широке,Дніпропетровська область,10436.0,10412.0,10368.0
смт Миколаївка,Дніпропетровська область,3.0,-,2.0
смт Юр'ївка,Дніпропетровська область,2302.0,2260.0,2239.0
м. Донецьк,Донецька область,953217.0,949825.0,936257.0
м. Моспине,Донецька область,10806.0,10745.0,10635.0
смт Горбачево-Михайлівка,Донецька область,922.0,919.0,917.0
смт Ларине,Донецька область,2775.0,2773.0,2770.0
м. Авдіївка,Донецька область,35128.0,35090.0,34728.0
м. Артемівськ,Донецька область,77620.0,77474.0,77177.0
м. Соледар,Донецька область,11708.0,11560.0,13721.0
м. Часів Яр,Донецька область,13999.0,13817.0,11486.0
смт Красна Гора,Донецька область,650.0,642.0,643.0
м. Вугледар,Донецька область,15357.0,15294.0,15267.0
м. Горлівка,Донецька область,256714.0,254416.0,250991.0
смт Гольмівський,Донецька область,6989.0,6981.0,6914.0
смт Зайцеве,Донецька область,3459.0,3346.0,3314.0
смт Пантелеймонівка,Донецька область,7878.0,7904.0,7848.0
м. Дебальцеве,Донецька область,25774.0,25525.0,25184.0
м. Світлодарськ,Донецька область,12164.0,12127.0,12042.0
смт Миронівський,Донецька область,8045.0,8027.0,7952.0
м. Дзержинськ,Донецька область,35296.0,34750.0,34378.0
м. Артемове,Донецька область,5598.0,5567.0,5498.0
смт Кірове,Донецька область,10209.0,10148.0,10055.0
смт Курдюмівка,Донецька область,893.0,865.0,839.0
смт Ленінське,Донецька область,1598.0,1588.0,1575.0
смт Неліпівка,Донецька область,1104.0,1101.0,1096.0
смт Новгородське,Донецька область,10850.0,10788.0,10720.0
смт Петрівка,Донецька область,1117.0,1110.0,1102.0
смт Щербинівка,Донецька область,3609.0,3585.0,3570.0
м. Димитров,Донецька область,49646.0,49519.0,49353.0
м. Добропілля,Донецька область,31196.0,30884.0,30697.0
м. Білицьке,Донецька область,8691.0,8627.0,8577.0
м. Білозерське,Донецька область,16101.0,15916.0,15830.0
смт Водянське,Донецька область,1567.0,1564.0,1548.0
смт Новодонецьке,Донецька область,5903.0,5886.0,5917.0
м. Докучаєвськ,Донецька область,23733.0,23641.0,23445.0
м. Дружківка,Донецька область,59863.0,59596.0,59400.0
смт Олексієво-Дружківка,Донецька область,7704.0,7670.0,7625.0
смт Новогригорівка,Донецька область,384.0,380.0,377.0
смт Новомиколаївка,Донецька область,100.0,97.0,97.0
смт Райське,Донецька область,912.0,911.0,905.0
м. Єнакієве,Донецька область,82629.0,81054.0,79670.0
м. Юнокомунарівськ,Донецька область,14154.0,13945.0,13740.0
смт Дружне,Донецька область,676.0,679.0,676.0
смт Карло-Марксове,Донецька область,9852.0,9734.0,9637.0
смт Корсунь,Донецька область,2659.0,2623.0,2605.0
м. Жданівка,Донецька область,12352.0,12301.0,12237.0
смт Вільхівка,Донецька область,765.0,746.0,733.0
м. Кіровське,Донецька область,28291.0,28155.0,27896.0
м. Костянтинівка,Донецька область,77066.0,76065.0,75040.0
м. Краматорськ,Донецька область,164283.0,162811.0,160895.0
смт Біленьке,Донецька область,9402.0,9407.0,9335.0
смт Комишуваха,Донецька область,488.0,490.0,491.0
смт Красноторка,Донецька область,2995.0,2975.0,2984.0
смт Малотаранівка,Донецька область,3690.0,3709.0,3719.0
смт Олександрівка,Донецька область,419.0,416.0,419.0
смт Софіївка,Донецька область,858.0,855.0,854.0
смт Шабельківка,Донецька область,4421.0,4412.0,4394.0
смт Ясна Поляна,Донецька область,2159.0,2148.0,2150.0
смт Ясногірка,Донецька область,8293.0,8273.0,8252.0
м. Красний Лиман,Донецька область,22509.0,22409.0,22315.0
м. Красноармійськ,Донецька область,64895.0,64533.0,64251.0
м. Родинське,Донецька область,10698.0,10641.0,10512.0
смт Шевченко,Донецька область,1786.0,1774.0,1755.0
м. Макіївка,Донецька область,353918.0,351820.0,348173.0
смт Велике Оріхове,Донецька область,605.0,603.0,597.0
смт Високе,Донецька область,474.0,463.0,457.0
смт Вугляр,Донецька область,1093.0,1086.0,1087.0
смт Грузько-Зорянське,Донецька область,1367.0,1346.0,1333.0
смт Грузько-Ломівка,Донецька область,632.0,622.0,614.0
смт Гусельське,Донецька область,461.0,459.0,457.0
смт Землянки,Донецька область,1731.0,1732.0,1715.0
смт Красний Октябр,Донецька область,917.0,912.0,893.0
смт Кринична,Донецька область,4503.0,4516.0,4485.0
смт Колосникове,Донецька область,609.0,602.0,598.0
смт Лісне,Донецька область,137.0,136.0,132.0
смт Маяк,Донецька область,1202.0,1193.0,1180.0
смт Межове,Донецька область,1211.0,1202.0,1193.0
смт Нижня Кринка,Донецька область,13880.0,13820.0,13690.0
смт Пролетарське,Донецька область,3220.0,3190.0,3159.0
смт Свердлове,Донецька область,1516.0,1487.0,1470.0
смт Ясинівка,Донецька область,3679.0,3647.0,3623.0
м. Маріуполь,Донецька область,461810.0,458533.0,455063.0
смт Сартана,Донецька область,10783.0,10779.0,10728.0
смт Старий Крим,Донецька область,6047.0,6051.0,6025.0
смт Талаківка,Донецька область,4130.0,4133.0,4113.0
м. Новогродівка,Донецька область,15398.0,15247.0,15170.0
м. Селидове,Донецька область,24145.0,23989.0,23793.0
м. Гірник,Донецька область,11641.0,11510.0,11378.0
м.Українськ,Донецька область,11994.0,11928.0,11824.0
смт Вишневе,Донецька область,260.0,260.0,257.0
смт Гостре,Донецька область,675.0,660.0,647.0
смт Комишівка,Донецька область,437.0,430.0,457.0
смт Курахівка,Донецька область,3060.0,3007.0,2968.0
смт Цукурине,Донецька область,1989.0,1970.0,1950.0
м. Слов'янськ,Донецька область,117445.0,116694.0,115421.0
м. Миколаївка,Донецька область,15684.0,15559.0,15391.0
м. Святогірськ,Донецька область,4654.0,4630.0,4592.0
м. Сніжне,Донецька область,48485.0,48003.0,47457.0
смт Андріївка,Донецька область,2215.0,2194.0,2146.0
смт Бражине,Донецька область,326.0,316.0,312.0
смт Гірницьке,Донецька область,1178.0,1170.0,1160.0
смт Залісне,Донецька область,2417.0,2421.0,2407.0
смт Лиманчук,Донецька область,903.0,902.0,890.0
смт Никифорове,Донецька область,368.0,368.0,358.0
смт Первомайське,Донецька область,522.0,511.0,502.0
смт Первомайський,Донецька область,2837.0,2827.0,2801.0
смт Побєда,Донецька область,537.0,539.0,542.0
смт Сєверне,Донецька область,10034.0,9981.0,9897.0
м. Торез,Донецька область,57998.0,56993.0,55924.0
смт Пелагіївка,Донецька область,17985.0,18008.0,17882.0
смт Розсипне,Донецька область,5079.0,5047.0,5019.0
м. Харцизьк,Донецька область,59315.0,58641.0,58040.0
м. Зугрес,Донецька область,18553.0,18474.0,18184.0
м. Іловайськ,Донецька область,15949.0,15808.0,15667.0
смт Войкове,Донецька область,34.0,34.0,37.0
смт Гірне,Донецька область,3402.0,3389.0,3346.0
смт Зуївка,Донецька область,3220.0,3165.0,3132.0
смт Миколаївка,Донецька область,147.0,125.0,123.0
смт Покровка,Донецька область,167.0,168.0,167.0
смт Троїцько-Харцизьк,Донецька область,1002.0,960.0,934.0
смт Шахтне,Донецька область,829.0,790.0,786.0
смт Широке,Донецька область,790.0,760.0,740.0
м. Шахтарськ,Донецька область,51007.0,50468.0,49674.0
смт Контарне,Донецька область,1500.0,1463.0,1441.0
смт Московське,Донецька область,654.0,645.0,633.0
смт Сердите,Донецька область,1934.0,1930.0,1947.0
смт Стіжківське,Донецька область,4007.0,3991.0,3949.0
м. Ясинувата,Донецька область,35836.0,35701.0,35303.0
м. Амвросіївка,Донецька область,18832.0,18682.0,18501.0
смт Войковський,Донецька область,1152.0,1146.0,1130.0
смт Кутейникове,Донецька область,1716.0,1673.0,1642.0
смт Новоамвросіївське,Донецька область,2212.0,2190.0,2156.0
м. Вуглегірськ,Донецька область,7868.0,7671.0,7521.0
м. Сіверськ,Донецька область,12145.0,12036.0,11891.0
смт Булавинське,Донецька область,3162.0,3141.0,3126.0
смт Олександрівське,Донецька область,1609.0,1574.0,1553.0
смт Оленівка,Донецька область,779.0,771.0,757.0
смт Ольховатка,Донецька область,3129.0,3095.0,3062.0
смт Прибережне,Донецька область,155.0,154.0,154.0
смт Луганське,Донецька область,2323.0,2257.0,2231.0
смт Велика Новосілка,Донецька область,6098.0,5992.0,5956.0
м. Волноваха,Донецька область,23305.0,23164.0,22988.0
смт Андріївка,Донецька область,2839.0,2795.0,2737.0
смт Благодатне,Донецька область,1178.0,1168.0,1159.0
смт Володимирівка,Донецька область,6660.0,6606.0,6611.0
смт Донське,Донецька область,5051.0,5044.0,5038.0
смт Комсомольський,Донецька область,420.0,389.0,377.0
смт Мирне,Донецька область,1835.0,1804.0,1785.0
смт Новотроїцьке,Донецька область,6978.0,6946.0,6884.0
смт Оленівка,Донецька область,4651.0,4635.0,4606.0
смт Ольгинка,Донецька область,3230.0,3211.0,3203.0
смт Володарське,Донецька область,8453.0,8441.0,8393.0
смт Святогорівка,Донецька область,1906.0,1895.0,1910.0
смт Гродівка,Донецька область,2598.0,2574.0,2544.0
смт Новоекономічне,Донецька область,3039.0,3000.0,2991.0
смт Удачне,Донецька область,1719.0,1694.0,1699.0
смт Дробишеве,Донецька область,3002.0,2960.0,2933.0
смт Кіровськ,Донецька область,2650.0,2642.0,2632.0
смт Новоселівка,Донецька область,1363.0,1339.0,1330.0
смт Ямпіль,Донецька область,2101.0,2079.0,2082.0
смт Ярова,Донецька область,2018.0,1999.0,1986.0
м. Мар'їнка,Донецька область,9913.0,9829.0,9775.0
м. Красногорівка,Донецька область,15937.0,15912.0,15822.0
м. Курахове,Донецька область,20098.0,19950.0,19840.0
смт Іллінка,Донецька область,449.0,452.0,444.0
смт Олександрівка,Донецька область,4080.0,4060.0,4014.0
смт Старомихайлівка,Донецька область,5411.0,5414.0,5307.0
м. Новоазовськ,Донецька область,11760.0,11740.0,11635.0
смт Сєдове,Донецька область,2691.0,2681.0,2661.0
смт Олександрівка,Донецька область,3688.0,3672.0,3610.0
смт Мангуш,Донецька область,8319.0,8275.0,8281.0
смт Ялта,Донецька область,5278.0,5276.0,5256.0
смт Андріївка,Донецька область,888.0,858.0,833.0
смт Билбасівка,Донецька область,6260.0,6235.0,6187.0
смт Донецьке,Донецька область,640.0,639.0,636.0
смт Райгородок,Донецька область,3582.0,3573.0,3523.0
смт Черкаське,Донецька область,3514.0,3470.0,3421.0
м. Комсомольське,Донецька область,11763.0,11672.0,11603.0
смт Старобешеве,Донецька область,6317.0,6293.0,6205.0
смт Новий Світ,Донецька область,9225.0,9197.0,9106.0
смт Тельманове,Донецька область,4504.0,4472.0,4461.0
смт Верхньоторецьке,Донецька область,2975.0,2984.0,2954.0
смт Желанне,Донецька область,1471.0,1449.0,1423.0
смт Керамік,Донецька область,375.0,373.0,363.0
смт Очеретине,Донецька область,3686.0,3668.0,3652.0
м. Житомир,Житомирська область,271303.0,270922.0,269942.0
м. Бердичів,Житомирська область,78523.0,78312.0,77788.0
м. Коростень,Житомирська область,65503.0,65454.0,65255.0
м. Малин,Житомирська область,26934.0,26886.0,26717.0
м. Новоград-Волинський,Житомирська область,55991.0,56049.0,56035.0
м. Андрушівка,Житомирська область,9038.0,8951.0,8929.0
смт Червоне,Житомирська область,2874.0,2848.0,2876.0
м. Баранівка,Житомирська область,11980.0,11948.0,11918.0
смт Довбиш,Житомирська область,4498.0,4443.0,4423.0
смт Кам'яний Брід,Житомирська область,2602.0,2603.0,2582.0
смт Мар'янівка,Житомирська область,1513.0,1516.0,1516.0
смт Першотравенськ,Житомирська область,3631.0,3595.0,3569.0
смт Полянка,Житомирська область,1727.0,1725.0,1713.0
смт Гришківці,Житомирська область,4297.0,4276.0,4251.0
смт Брусилів,Житомирська область,4958.0,4931.0,4941.0
смт Володарськ-Волинський,Житомирська область,7862.0,7807.0,7795.0
смт Іршанськ,Житомирська область,6771.0,6831.0,6889.0
смт Нова Борова,Житомирська область,5595.0,5606.0,5596.0
смт Ємільчине,Житомирська область,6774.0,6728.0,6714.0
смт Яблунець,Житомирська область,1146.0,1158.0,1174.0
смт Гуйва,Житомирська область,1436.0,1419.0,1384.0
смт Новогуйвинське,Житомирська область,5259.0,5309.0,5312.0
смт Озерне,Житомирська область,5854.0,5913.0,5961.0
м. Коростишів,Житомирська область,25817.0,25845.0,25857.0
смт Лугини,Житомирська область,4162.0,4121.0,4116.0
смт Жовтневе,Житомирська область,619.0,623.0,628.0
смт Любар,Житомирська область,2179.0,2153.0,2139.0
смт Гранітне,Житомирська область,1506.0,1510.0,1513.0
смт Чоповичі,Житомирська область,2005.0,1962.0,1939.0
смт Народичі,Житомирська область,2581.0,2604.0,2636.0
смт Городниця,Житомирська область,5458.0,5411.0,5354.0
м. Овруч,Житомирська область,16614.0,16515.0,16505.0
смт Першотравневе,Житомирська область,2492.0,2496.0,2475.0
м. Олевськ,Житомирська область,10231.0,10222.0,10296.0
смт Бучмани,Житомирська область,712.0,720.0,712.0
смт Діброва,Житомирська область,134.0,131.0,135.0
смт Дружба,Житомирська область,485.0,481.0,486.0
смт Нові Білокоровичі,Житомирська область,3091.0,3142.0,3175.0
смт Новоозерянка,Житомирська область,571.0,563.0,568.0
смт Попільня,Житомирська область,6006.0,5987.0,5959.0
смт Корнин,Житомирська область,2339.0,2283.0,2256.0
м. Радомишль,Житомирська область,14943.0,14930.0,14905.0
смт Біла Криниця,Житомирська область,913.0,910.0,902.0
смт Городок,Житомирська область,2116.0,2449.0,2558.0
смт Романів,Житомирська область,7691.0,7676.0,7685.0
смт Биківка,Житомирська область,1796.0,1792.0,1779.0
смт Миропіль,Житомирська область,4746.0,4710.0,4693.0
смт Ружин,Житомирська область,4607.0,4605.0,4590.0
смт Червоноармійськ,Житомирська область,5454.0,5434.0,5425.0
смт Черняхів,Житомирська область,9801.0,9724.0,9682.0
смт Головине,Житомирська область,2034.0,1980.0,1940.0
м. Чуднів,Житомирська область,5794.0,5814.0,5815.0
смт Вакуленчук,Житомирська область,2039.0,2017.0,2011.0
смт Великі Коровинці,Житомирська область,2335.0,2315.0,2304.0
смт Іванопіль,Житомирська область,3409.0,3364.0,3338.0
м. Ужгород,Закарпатська область,116349.0,115947.0,115520.0
м. Берегове,Закарпатська область,24458.0,24371.0,24273.0
м. Мукачеве,Закарпатська область,84992.0,85487.0,85959.0
м. Хуст,Закарпатська область,28643.0,28600.0,28520.0
м.Чоп,Закарпатська область,8994.0,9018.0,9001.0
смт Батьово,Закарпатська область,3061.0,3080.0,3073.0
смт Великий  Березний,Закарпатська область,7207.0,7292.0,7394.0
м. Виноградів,Закарпатська область,25565.0,25580.0,25570.0
смт Вилок,Закарпатська область,3324.0,3327.0,3327.0
смт Королево,Закарпатська область,9339.0,9510.0,9668.0
смт Воловець,Закарпатська область,5169.0,5171.0,5159.0
смт Жденієво,Закарпатська область,1098.0,1096.0,1091.0
м. Іршава,Закарпатська область,9221.0,9220.0,9249.0
смт Міжгір'я,Закарпатська область,9616.0,9637.0,9631.0
смт Кольчино,Закарпатська область,4345.0,4339.0,4323.0
смт Чинадійово,Закарпатська область,6908.0,6951.0,6969.0
м. Перечин,Закарпатська область,6716.0,6720.0,6745.0
м. Рахів,Закарпатська область,15243.0,15283.0,15372.0
смт Великий Бичків,Закарпатська область,9380.0,9396.0,9369.0
смт Кобилецька Поляна,Закарпатська область,3420.0,3445.0,3465.0
смт Ясіня,Закарпатська область,8454.0,8482.0,8568.0
м. Свалява,Закарпатська область,17027.0,17066.0,17055.0
м. Тячів,Закарпатська область,9162.0,9127.0,9112.0
смт Буштино,Закарпатська область,8643.0,8609.0,8640.0
смт Дубове,Закарпатська область,9775.0,9807.0,9849.0
смт Солотвино,Закарпатська область,8955.0,8925.0,8861.0
смт Тересва,Закарпатська область,7594.0,7602.0,7636.0
смт Усть-Чорна,Закарпатська область,1514.0,1525.0,1531.0
смт Середнє,Закарпатська область,3853.0,3902.0,3988.0
смт Вишково,Закарпатська область,8375.0,8347.0,8356.0
м. Запоріжжя,Запорізька область,770672.0,766268.0,761993.0
м. Бердянськ,Запорізька область,116034.0,115500.0,115054.0
м. Енергодар,Запорізька область,54708.0,54536.0,54481.0
м. Мелітополь,Запорізька область,156984.0,156889.0,156523.0
м. Токмак,Запорізька область,32996.0,32772.0,32484.0
смт Андріївка,Запорізька область,2976.0,2936.0,2903.0
м. Василівка,Запорізька область,13996.0,13875.0,13777.0
м. Дніпрорудне,Запорізька область,19479.0,19361.0,19248.0
смт Степногірськ,Запорізька область,4510.0,4520.0,4512.0
смт Веселе,Запорізька область,10071.0,10059.0,10025.0
м. Вільнянськ,Запорізька область,15682.0,15787.0,15705.0
смт Кам'яне,Запорізька область,1217.0,1223.0,1231.0
м. Гуляйполе,Запорізька область,14358.0,14180.0,14084.0
смт Залізничне,Запорізька область,1150.0,1134.0,1119.0
смт Балабине,Запорізька область,6166.0,6171.0,6213.0
смт Кушугум,Запорізька область,8258.0,8254.0,8240.0
смт Малокатеринівка,Запорізька область,3466.0,3444.0,3447.0
м. Кам'янка-Дніпровська,Запорізька область,13495.0,13383.0,13277.0
смт Куйбишеве,Запорізька область,7321.0,7283.0,7234.0
смт Комиш-Зоря,Запорізька область,2311.0,2275.0,2273.0
смт Мирне,Запорізька область,3086.0,3086.0,3091.0
смт Михайлівка,Запорізька область,12520.0,12475.0,12407.0
смт Пришиб,Запорізька область,3272.0,3283.0,3236.0
смт Новомиколаївка,Запорізька область,5485.0,5442.0,5426.0
смт Тернувате,Запорізька область,1430.0,1417.0,1389.0
м. Оріхів,Запорізька область,15281.0,15161.0,15067.0
смт Комишуваха,Запорізька область,5374.0,5376.0,5368.0
м. Пологи,Запорізька область,19906.0,19750.0,19659.0
смт Приазовське,Запорізька область,6821.0,6814.0,6773.0
смт Нововасилівка,Запорізька область,2465.0,2422.0,2381.0
м. Приморськ,Запорізька область,12208.0,12194.0,12137.0
смт Розівка,Запорізька область,3408.0,3363.0,3315.0
м. Молочанськ,Запорізька область,6980.0,6891.0,6794.0
смт Чернігівка,Запорізька область,6186.0,6129.0,6051.0
смт Якимівка,Запорізька область,11947.0,11923.0,11934.0
смт Кирилівка,Запорізька область,3455.0,3460.0,3492.0
м. Івано-Франківськ,Івано-Франківська область,226018.0,227030.0,228575.0
м. Болехів,Івано-Франківська область,10768.0,10770.0,10790.0
м.Бурштин,Івано-Франківська область,15340.0,15370.0,15361.0
м. Калуш,Івано-Франківська область,67585.0,67559.0,67631.0
м. Коломия,Івано-Франківська область,61428.0,61350.0,61236.0
м. Яремче,Івано-Франківська область,8124.0,8201.0,8237.0
смт Ворохта,Івано-Франківська область,4180.0,4215.0,4248.0
смт Богородчани,Івано-Франківська область,7872.0,7852.0,7847.0
смт Солотвин,Івано-Франківська область,3930.0,3938.0,3937.0
смт Верховина,Івано-Франківська область,5723.0,5765.0,5812.0
м. Галич,Івано-Франківська область,6290.0,6264.0,6256.0
смт Більшівці,Івано-Франківська область,2087.0,2068.0,2052.0
м. Городенка,Івано-Франківська область,9386.0,9384.0,9369.0
смт Чернелиця,Івано-Франківська область,1700.0,1700.0,1676.0
м. Долина,Івано-Франківська область,20622.0,20654.0,20731.0
смт Вигода,Івано-Франківська область,2238.0,2262.0,2281.0
смт Войнилів,Івано-Франківська область,2757.0,2752.0,2749.0
смт Гвіздець,Івано-Франківська область,1943.0,1946.0,1936.0
смт Отинія,Івано-Франківська область,5490.0,5560.0,5565.0
смт Печеніжин,Івано-Франківська область,5327.0,5342.0,5352.0
м. Косів,Івано-Франківська область,8543.0,8621.0,8682.0
смт Кути,Івано-Франківська область,4073.0,4059.0,4055.0
смт Яблунів,Івано-Франківська область,2056.0,2073.0,2077.0
м. Надвірна,Івано-Франківська область,22209.0,22255.0,22344.0
смт Битків,Івано-Франківська область,4378.0,4388.0,4399.0
смт Делятин,Івано-Франківська область,8319.0,8365.0,8412.0
смт Ланчин,Івано-Франківська область,7940.0,7933.0,7953.0
м. Рогатин,Івано-Франківська область,8077.0,8000.0,7991.0
смт Букачівці,Івано-Франківська область,1366.0,1341.0,1328.0
смт Рожнятів,Івано-Франківська область,3882.0,3878.0,3908.0
смт Брошнів-Осада,Івано-Франківська область,5760.0,5762.0,5679.0
смт Перегінське,Івано-Франківська область,12597.0,12667.0,12728.0
м. Снятин,Івано-Франківська область,10106.0,10102.0,10083.0
смт Заболотів,Івано-Франківська область,4059.0,4055.0,4079.0
м. Тисмениця,Івано-Франківська область,9497.0,9443.0,9394.0
смт Єзупіль,Івано-Франківська область,2920.0,2881.0,2863.0
смт Лисець,Івано-Франківська область,2959.0,2925.0,2934.0
м. Тлумач,Івано-Франківська область,8829.0,8885.0,8943.0
смт Обертин,Івано-Франківська область,3191.0,3158.0,3148.0
м. Біла Церква,Київська область,210919.0,211205.0,211129.0
м. Березань,Київська область,16543.0,16570.0,16606.0
м. Бориспіль,Київська область,59545.0,60160.0,60844.0
м. Бровари,Київська область,98250.0,98874.0,99623.0
м. Буча,Київська область,28483.0,29805.0,31073.0
м. Васильків,Київська область,36672.0,36888.0,37252.0
м. Ірпінь,Київська область,42924.0,44023.0,45468.0
смт Ворзель,Київська область,5677.0,5836.0,5926.0
смт Гостомель,Київська область,14411.0,14467.0,14547.0
смт Коцюбинське,Київська область,15263.0,15368.0,15488.0
м. Обухів,Київська область,33102.0,33180.0,33305.0
м. Переяслав-Хмельницький,Київська область,27945.0,27864.0,27751.0
м. Прип'ять,Київська область,-,-,-
м. Ржищів,Київська область,7532.0,7545.0,7510.0
м. Славутич,Київська область,24826.0,24952.0,24996.0
м. Фастів,Київська область,48237.0,48098.0,47869.0
смт Баришівка,Київська область,11012.0,11009.0,10996.0
м. Узин,Київська область,12122.0,12150.0,12089.0
смт Терезине,Київська область,1658.0,1649.0,1675.0
м. Богуслав,Київська область,16825.0,16786.0,16698.0
смт Бородянка,Київська область,13135.0,13167.0,13235.0
смт Бабинці,Київська область,2713.0,2746.0,2749.0
смт Клавдієво-Тарасове,Київська область,5069.0,5069.0,5098.0
смт Немішаєве,Київська область,7193.0,7340.0,7401.0
смт Пісківка,Київська область,7026.0,7012.0,7002.0
смт  Велика Димерка,Київська область,9623.0,9619.0,9583.0
смт Калинівка,Київська область,3774.0,3802.0,3845.0
смт Калита,Київська область,4765.0,4745.0,4707.0
смт Глеваха,Київська область,8607.0,8679.0,8794.0
смт Гребінки,Київська область,5784.0,5713.0,5730.0
смт Дослідницьке,Київська область,1920.0,1915.0,1915.0
смт Калинівка,Київська область,5309.0,5315.0,5307.0
м. Вишгород,Київська область,26536.0,26866.0,27311.0
смт Димер,Київська область,5789.0,5846.0,5818.0
смт Володарка,Київська область,6297.0,6259.0,6226.0
смт Згурівка,Київська область,5338.0,5278.0,5259.0
м. Чорнобиль,Київська область,-,-,-
смт Іванків,Київська область,10625.0,10596.0,10585.0
м. Кагарлик,Київська область,13758.0,13730.0,13734.0
м. Боярка,Київська область,35320.0,35558.0,35586.0
м. Вишневе,Київська область,37457.0,38011.0,38463.0
смт Чабани,Київська область,4048.0,4193.0,4274.0
смт Макарів,Київська область,10148.0,10145.0,10102.0
смт Кодра,Київська область,1443.0,1444.0,1433.0
м. Миронівка,Київська область,11964.0,11851.0,11811.0
м. Українка,Київська область,15644.0,15775.0,15926.0
смт Козин,Київська область,3269.0,3333.0,3374.0
смт Красятичі,Київська область,659.0,647.0,647.0
смт Рокитне,Київська область,11395.0,11371.0,11305.0
м. Сквира,Київська область,16715.0,16616.0,16461.0
смт Ставище,Київська область,6928.0,6851.0,6748.0
м. Тараща,Київська область,11410.0,11275.0,11068.0
м. Тетіїв,Київська область,13329.0,13270.0,13220.0
смт Борова,Київська область,7279.0,7317.0,7336.0
смт Кожанка,Київська область,2113.0,2098.0,2069.0
м. Яготин,Київська область,20445.0,20340.0,20232.0
м. Кіровоград,Кіровоградська область,234322.0,233333.0,232314.0
смт Нове,Кіровоградська область,8597.0,8652.0,8628.0
м. Знам'янка,Кіровоградська область,23983.0,23743.0,23461.0
смт Знам'янка Друга,Кіровоградська область,5142.0,5101.0,5060.0
м. Олександрія,Кіровоградська область,82819.0,82636.0,82410.0
смт Димитрове,Кіровоградська область,4891.0,4877.0,4842.0
смт Пантаївка,Кіровоградська область,2733.0,2732.0,2692.0
м. Світловодськ,Кіровоградська область,46613.0,46372.0,46178.0
смт Власівка,Кіровоградська область,7719.0,7705.0,7714.0
м. Бобринець,Кіровоградська область,10991.0,11005.0,11024.0
смт Вільшанка,Кіровоградська область,4778.0,4729.0,4695.0
м. Гайворон,Кіровоградська область,15214.0,15087.0,15030.0
смт Завалля,Кіровоградська область,4896.0,4882.0,4865.0
смт Салькове,Кіровоградська область,1789.0,1751.0,1742.0
смт Голованівськ,Кіровоградська область,6133.0,6093.0,6016.0
смт Побузьке,Кіровоградська область,6059.0,6059.0,6031.0
м. Помічна,Кіровоградська область,9210.0,9201.0,9143.0
смт Добровеличківка,Кіровоградська область,5763.0,5699.0,5673.0
м. Долинська,Кіровоградська область,19420.0,19457.0,19472.0
смт Молодіжне,Кіровоградська область,1319.0,1280.0,1269.0
смт Компаніївка,Кіровоградська область,4544.0,4535.0,4568.0
м. Мала Виска,Кіровоградська область,11141.0,11014.0,10967.0
смт Смоліне,Кіровоградська область,9764.0,9841.0,9804.0
смт Новгородка,Кіровоградська область,5839.0,5825.0,5804.0
смт Новоархангельськ,Кіровоградська область,6364.0,6382.0,6316.0
м. Новомиргород,Кіровоградська область,11569.0,11495.0,11419.0
смт Капітанівка,Кіровоградська область,2620.0,2604.0,2566.0
м. Новоукраїнка,Кіровоградська область,17741.0,17554.0,17402.0
смт Олександрівка,Кіровоградська область,8968.0,8868.0,8815.0
смт Єлизаветградка,Кіровоградська область,1303.0,1275.0,1262.0
смт Лісове,Кіровоградська область,1087.0,1145.0,1181.0
смт Нова Прага,Кіровоградська область,7139.0,7051.0,6947.0
смт Приютівка,Кіровоградська область,3307.0,3328.0,3322.0
смт Онуфріївка,Кіровоградська область,4042.0,4009.0,4019.0
смт Павлиш,Кіровоградська область,4695.0,4676.0,4672.0
смт Петрове,Кіровоградська область,7530.0,7461.0,7388.0
смт Балахівка,Кіровоградська область,847.0,830.0,816.0
м. Ульяновка,Кіровоградська область,6109.0,6092.0,6081.0
смт Устинівка,Кіровоградська область,3482.0,3484.0,3477.0
м. Луганськ,Луганська область,425848.0,424113.0,417990.0
м. Олександрівськ,Луганська область,6635.0,6596.0,6550.0
смт Ювілейне,Луганська область,16846.0,16948.0,16722.0
м. Алчевськ,Луганська область,111360.0,110474.0,109772.0
м. Антрацит,Луганська область,54640.0,54242.0,53887.0
смт Боково-Платове,Луганська область,2660.0,2650.0,2626.0
смт Верхній Нагольчик,Луганська область,1745.0,1732.0,1728.0
смт Дубівський,Луганська область,3984.0,3957.0,3923.0
смт Кам'яне,Луганська область,2727.0,2705.0,2699.0
смт Кріпенський,Луганська область,6870.0,6836.0,6812.0
смт Щотове,Луганська область,3711.0,3641.0,3599.0
м. Брянка,Луганська область,47512.0,46830.0,46352.0
смт Вергулівка,Луганська область,1312.0,1295.0,1295.0
смт Ганнівка,Луганська область,266.0,259.0,251.0
смт Глибокий,Луганська область,217.0,211.0,210.0
смт Ломуватка,Луганська область,933.0,925.0,915.0
смт Южна Ломуватка,Луганська область,3395.0,3392.0,3382.0
м. Кіровськ,Луганська область,28529.0,28244.0,28014.0
смт Донецький,Луганська область,3688.0,3635.0,3594.0
смт Червоногвардійське,Луганська область,1390.0,1365.0,1361.0
м. Красний Луч,Луганська область,82765.0,82228.0,81685.0
м. Вахрушеве,Луганська область,11878.0,11731.0,11625.0
м. Міусинськ,Луганська область,4830.0,4732.0,4688.0
м. Петровське,Луганська область,13260.0,13117.0,12997.0
смт Грушове,Луганська область,882.0,860.0,848.0
смт Запоріжжя,Луганська область,892.0,866.0,860.0
смт Княгинівка,Луганська область,886.0,868.0,856.0
смт Садово-Хрустальненський,Луганська область,606.0,597.0,589.0
смт Софіївський,Луганська область,3950.0,3926.0,3889.0
смт Федорівка,Луганська область,412.0,414.0,414.0
смт Хрустальне,Луганська область,1428.0,1393.0,1386.0
смт Штерівка,Луганська область,1273.0,1246.0,1243.0
м. Краснодон,Луганська область,44283.0,44014.0,43759.0
м. Молодогвардійськ,Луганська область,23332.0,23113.0,22996.0
м. Суходільськ,Луганська область,21061.0,20949.0,20833.0
смт Гірне,Луганська область,52.0,43.0,41.0
смт Енгельсове,Луганська область,988.0,974.0,970.0
смт Ізварине,Луганська область,1692.0,1675.0,1671.0
смт Краснодарський,Луганська область,336.0,332.0,328.0
смт Краснодон,Луганська область,5364.0,5287.0,5271.0
смт Сєверний,Луганська область,1894.0,1854.0,1850.0
смт Сєверо-Гундорівський,Луганська область,1108.0,1107.0,1097.0
смт Урало-Кавказ,Луганська область,2555.0,2526.0,2513.0
м. Лисичанськ,Луганська область,104314.0,103459.0,102397.0
м. Новодружеськ,Луганська область,7749.0,7660.0,7534.0
м. Привілля,Луганська область,7747.0,7643.0,7507.0
м. Первомайськ,Луганська область,38435.0,38235.0,37902.0
м. Ровеньки,Луганська область,47852.0,47370.0,46976.0
смт Великокам'янка,Луганська область,1148.0,1149.0,1144.0
смт Гірник,Луганська область,795.0,785.0,779.0
смт Дзержинський,Луганська область,8691.0,8683.0,8675.0
смт Кленовий,Луганська область,2103.0,2096.0,2084.0
смт Михайлівка,Луганська область,2827.0,2801.0,2799.0
смт Нагольно-Тарасівка,Луганська область,2105.0,2086.0,2083.0
смт Новодар'ївка,Луганська область,4444.0,4425.0,4398.0
смт Пролетарський,Луганська область,1568.0,1569.0,1565.0
смт Тацине,Луганська область,269.0,270.0,265.0
смт Ясенівський,Луганська область,9035.0,9033.0,9002.0
м. Рубіжне,Луганська область,60374.0,59951.0,59592.0
м. Свердловськ,Луганська область,65276.0,64895.0,64503.0
м. Червонопартизанськ,Луганська область,15659.0,15582.0,15513.0
смт Володарськ,Луганська область,2778.0,2757.0,2768.0
смт Калінінський,Луганська область,1710.0,1683.0,1677.0
смт Комсомольський,Луганська область,3089.0,3084.0,3058.0
смт Ленінське,Луганська область,3374.0,3346.0,3332.0
смт Павлівка,Луганська область,1050.0,1035.0,1028.0
смт Шахтарське,Луганська область,3611.0,3577.0,3555.0
м. Сєвєродонецьк,Луганська область,109466.0,108899.0,108137.0
смт Борівське,Луганська область,5932.0,5897.0,5871.0
смт Воронове,Луганська область,853.0,867.0,870.0
смт Метьолкіне,Луганська область,741.0,755.0,760.0
смт Сиротине,Луганська область,1619.0,1637.0,1609.0
м. Стаханов,Луганська область,77593.0,77168.0,76492.0
м. Алмазна,Луганська область,4325.0,4299.0,4276.0
м. Ірміно,Луганська область,10044.0,9886.0,9764.0
смт Єсаулівка,Луганська область,1462.0,1445.0,1448.0
смт Іванівка,Луганська область,7274.0,7219.0,7195.0
смт Красний Кут,Луганська область,2474.0,2453.0,2439.0
смт Маломиколаївка,Луганська область,1719.0,1702.0,1684.0
смт Нижній Нагольчик,Луганська область,1650.0,1633.0,1637.0
смт Фащівка,Луганська область,2368.0,2309.0,2298.0
смт Біловодськ,Луганська область,8167.0,8179.0,8192.0
смт Білокуракине,Луганська область,6737.0,6669.0,6639.0
смт Лозно-Олександрівка,Луганська область,970.0,953.0,933.0
смт Великий Лог,Луганська область,629.0,609.0,605.0
смт Мирне,Луганська область,385.0,382.0,372.0
смт Новоолександрівка,Луганська область,1582.0,1572.0,1566.0
смт Новосвітлівка,Луганська область,3711.0,3717.0,3737.0
смт Сімейкине,Луганська область,2278.0,2257.0,2243.0
смт Талове,Луганська область,1418.0,1407.0,1402.0
м. Кремінна,Луганська область,20324.0,20137.0,19958.0
смт Красноріченське,Луганська область,4429.0,4355.0,4290.0
м. Лутугине,Луганська область,17989.0,17905.0,17822.0
смт Біле,Луганська область,6512.0,6427.0,6407.0
смт Білоріченський,Луганська область,3334.0,3289.0,3248.0
смт Врубівський,Луганська область,1311.0,1287.0,1274.0
смт Георгіївка,Луганська область,6493.0,6432.0,6433.0
смт Леніна,Луганська область,1070.0,1054.0,1048.0
смт Успенка,Луганська область,8895.0,8829.0,8744.0
смт Челюскінець,Луганська область,1141.0,1122.0,1113.0
смт Юр'ївка,Луганська область,2988.0,2974.0,2959.0
смт Марківка,Луганська область,6247.0,6139.0,6089.0
смт Мілове,Луганська область,5944.0,5929.0,5911.0
м. Щастя,Луганська область,12773.0,12629.0,12506.0
смт Новоайдар,Луганська область,8555.0,8498.0,8479.0
смт Новопсков,Луганська область,9882.0,9891.0,9868.0
смт Білолуцьк,Луганська область,4017.0,3983.0,3958.0
м. Перевальськ,Луганська область,25941.0,25744.0,25585.0
м. Артемівськ,Луганська область,7506.0,7465.0,7420.0
м. Зоринськ,Луганська область,7331.0,7291.0,7231.0
смт Байрачки,Луганська область,842.0,820.0,809.0
смт Бугаївка,Луганська область,3107.0,3079.0,3051.0
смт Городище,Луганська область,2499.0,2455.0,2434.0
смт Комісарівка,Луганська область,1735.0,1687.0,1663.0
смт Михайлівка,Луганська область,2443.0,2422.0,2409.0
смт Селезнівка,Луганська область,2530.0,2474.0,2469.0
смт Фащівка,Луганська область,4746.0,4709.0,4689.0
смт Центральний,Луганська область,832.0,828.0,818.0
смт Ящикове,Луганська область,1840.0,1818.0,1799.0
м. Гірське,Луганська область,10131.0,10041.0,9970.0
м. Золоте,Луганська область,14572.0,14376.0,14261.0
м. Попасна,Луганська область,21917.0,21765.0,21595.0
смт Білогорівка,Луганська область,945.0,925.0,920.0
смт Вовчоярівка,Луганська область,878.0,847.0,840.0
смт Врубівка,Луганська область,1004.0,993.0,988.0
смт Калинове,Луганська область,3096.0,3066.0,3048.0
смт Комишуваха,Луганська область,2235.0,2198.0,2181.0
смт Малорязанцеве,Луганська область,806.0,793.0,776.0
смт Мирна Долина,Луганська область,341.0,328.0,321.0
смт Нижнє,Луганська область,2541.0,2502.0,2482.0
смт Новотошківське,Луганська область,2349.0,2347.0,2337.0
смт Тошківка,Луганська область,4366.0,4298.0,4245.0
смт Чорнухине,Луганська область,5958.0,5835.0,5786.0
м. Сватове,Луганська область,18241.0,18093.0,17945.0
смт Нижня Дуванка,Луганська область,2216.0,2183.0,2153.0
смт Бірюкове,Луганська область,4027.0,3999.0,3988.0
м. Зимогір'я,Луганська область,9949.0,9881.0,9833.0
смт Слов'яносербськ,Луганська область,8086.0,8005.0,7976.0
смт Лозівський,Луганська область,5023.0,4957.0,4938.0
смт Лотикове,Луганська область,3236.0,3190.0,3165.0
смт Родакове,Луганська область,6252.0,6233.0,6227.0
смт Фрунзе,Луганська область,3255.0,3233.0,3224.0
смт Станиця Луганська,Луганська область,13734.0,13774.0,13723.0
смт Петрівка,Луганська область,4999.0,4994.0,4974.0
м. Старобільськ,Луганська область,18297.0,17980.0,17716.0
смт Троїцьке,Луганська область,7906.0,7816.0,7778.0
м. Львів,Львівська область,730272.0,729038.0,729429.0
м. Винники,Львівська область,16278.0,16517.0,16739.0
смт Брюховичі,Львівська область,5813.0,5994.0,6014.0
смт Рудне,Львівська область,6701.0,6826.0,6912.0
м. Борислав,Львівська область,34938.0,34877.0,34649.0
смт Східниця,Львівська область,2210.0,2219.0,2247.0
м. Дрогобич,Львівська область,77080.0,76866.0,76795.0
м. Стебник,Львівська область,20993.0,20988.0,20935.0
м. Моршин,Львівська область,6037.0,6013.0,5999.0
м. Новий Розділ,Львівська область,28797.0,28875.0,28803.0
м. Самбір,Львівська область,34899.0,34879.0,35063.0
м. Стрий,Львівська область,60126.0,59835.0,59650.0
м. Трускавець,Львівська область,29516.0,29386.0,29256.0
м. Червоноград,Львівська область,68000.0,67993.0,67863.0
м. Соснівка,Львівська область,11517.0,11437.0,11317.0
смт Гірник,Львівська область,2902.0,2895.0,2887.0
м. Броди,Львівська область,23784.0,23803.0,23796.0
смт  Підкамінь,Львівська область,2103.0,2087.0,2069.0
м. Буськ,Львівська область,8437.0,8484.0,8549.0
смт Красне,Львівська область,6311.0,6353.0,6396.0
смт Олесько,Львівська область,1472.0,1470.0,1474.0
м. Городок,Львівська область,15959.0,16046.0,16121.0
м. Комарно,Львівська область,3842.0,3841.0,3812.0
смт Великий Любінь,Львівська область,4571.0,4571.0,4588.0
смт Меденичі,Львівська область,3371.0,3391.0,3404.0
смт Підбуж,Львівська область,3106.0,3182.0,3269.0
м. Жидачів,Львівська область,11180.0,11149.0,11100.0
м. Ходорів,Львівська область,9829.0,9813.0,9746.0
смт Гніздичів,Львівська область,4166.0,4188.0,4159.0
смт Журавне,Львівська область,3598.0,3555.0,3552.0
смт Нові Стрілища,Львівська область,856.0,851.0,847.0
м. Жовква,Львівська область,13594.0,13629.0,13718.0
м. Дубляни,Львівська область,10240.0,10132.0,10155.0
м. Рава-Руська,Львівська область,8426.0,8487.0,8578.0
смт Куликів,Львівська область,3995.0,3997.0,4022.0
смт Магерів,Львівська область,1997.0,2000.0,2011.0
м. Золочів,Львівська область,24074.0,24119.0,24218.0
м. Глиняни,Львівська область,3183.0,3165.0,3152.0
смт Поморяни,Львівська область,1366.0,1360.0,1355.0
м. Кам'янка-Бузька,Львівська область,10900.0,10837.0,10818.0
смт Добротвір,Львівська область,6480.0,6486.0,6471.0
смт Запитів,Львівська область,2788.0,2827.0,2859.0
смт Новий Яричів,Львівська область,2951.0,2953.0,2970.0
м. Миколаїв,Львівська область,14877.0,14934.0,14985.0
смт Розділ,Львівська область,2626.0,2588.0,2576.0
м. Мостиська,Львівська область,9193.0,9258.0,9316.0
м. Судова Вишня,Львівська область,6461.0,6504.0,6539.0
м. Перемишляни,Львівська область,6874.0,6885.0,6887.0
м. Бібрка,Львівська область,3829.0,3816.0,3818.0
м. Пустомити,Львівська область,9111.0,9211.0,9310.0
смт Щирець,Львівська область,5763.0,5771.0,5799.0
м. Радехів,Львівська область,9600.0,9612.0,9687.0
смт Лопатин,Львівська область,3359.0,3390.0,3393.0
м. Рудки,Львівська область,5434.0,5447.0,5451.0
смт Дубляни,Львівська область,1836.0,1806.0,1798.0
м. Новий Калинів,Львівська область,4105.0,4123.0,4163.0
м. Сколе,Львівська область,6312.0,6324.0,6319.0
смт Верхнє Синьовидне,Львівська область,3431.0,3446.0,3451.0
смт Славське,Львівська область,3366.0,3392.0,3451.0
м. Сокаль,Львівська область,21386.0,21371.0,21354.0
м. Белз,Львівська область,2343.0,2352.0,2347.0
м. Великі Мости,Львівська область,6121.0,6132.0,6166.0
м. Угнів,Львівська область,1007.0,1002.0,999.0
смт Жвирка,Львівська область,3692.0,3693.0,3720.0
м. Старий Самбір,Львівська область,6446.0,6596.0,6667.0
м. Добромиль,Львівська область,4457.0,4406.0,4370.0
м. Хирів,Львівська область,4088.0,4056.0,4090.0
смт Нижанковичі,Львівська область,1841.0,1832.0,1820.0
смт Стара Сіль,Львівська область,1154.0,1144.0,1123.0
смт Дашава,Львівська область,2374.0,2383.0,2376.0
м. Турка,Львівська область,7173.0,7207.0,7193.0
смт Бориня,Львівська область,1443.0,1449.0,1439.0
м. Яворів,Львівська область,12905.0,13009.0,12963.0
м. Новояворівськ,Львівська область,29580.0,29950.0,30271.0
смт Івано-Франкове,Львівська область,6331.0,6363.0,6360.0
смт Краковець,Львівська область,1121.0,1133.0,1138.0
смт Немирів,Львівська область,2002.0,2001.0,2003.0
смт Шкло,Львівська область,5839.0,5862.0,5898.0
м. Миколаїв,Миколаївська область,496188.0,494922.0,494763.0
м. Вознесенськ,Миколаївська область,36613.0,36192.0,35843.0
м. Очаків,Миколаївська область,14632.0,14566.0,14491.0
м. Первомайськ,Миколаївська область,66671.0,66672.0,66733.0
м. Южноукраїнськ,Миколаївська область,40555.0,40378.0,40348.0
смт Арбузинка,Миколаївська область,6390.0,6418.0,6404.0
смт Костянтинівка,Миколаївська область,2238.0,2212.0,2187.0
м. Баштанка,Миколаївська область,12680.0,12658.0,12631.0
смт Березанка,Миколаївська область,4108.0,4095.0,4127.0
смт Березнегувате,Миколаївська область,7720.0,7778.0,7788.0
смт Братське,Миколаївська область,5355.0,5340.0,5337.0
смт Веселинове,Миколаївська область,6104.0,6069.0,6045.0
смт Кудрявцівка,Миколаївська область,2064.0,2050.0,2050.0
смт Олександрівка,Миколаївська область,5410.0,5368.0,5340.0
смт Врадіївка,Миколаївська область,8450.0,8410.0,8396.0
смт Доманівка,Миколаївська область,6194.0,6147.0,6125.0
смт Єланець,Миколаївська область,4951.0,4936.0,4943.0
смт Воскресенське,Миколаївська область,4840.0,4792.0,4796.0
смт Первомайське,Миколаївська область,2901.0,2869.0,2846.0
смт Казанка,Миколаївська область,7252.0,7221.0,7219.0
смт Криве Озеро,Миколаївська область,7909.0,7894.0,7821.0
смт Ольшанське,Миколаївська область,3731.0,3736.0,3732.0
м. Новий Буг,Миколаївська область,15531.0,15603.0,15603.0
м. Нова Одеса,Миколаївська область,12298.0,12253.0,12164.0
смт Підгородна,Миколаївська область,2209.0,2191.0,2194.0
м. Снігурівка,Миколаївська область,13131.0,12992.0,12969.0
м. Одеса,Одеська область,1014852.0,1017022.0,1016515.0
м. Білгород-Дністровський,Одеська область,50246.0,50105.0,50086.0
смт Затока,Одеська область,1627.0,1921.0,1921.0
смт Сергіївка,Одеська область,5323.0,5344.0,5368.0
м. Ізмаїл,Одеська область,73007.0,72501.0,72471.0
м. Іллічівськ,Одеська область,59718.0,59840.0,59851.0
смт Олександрівка,Одеська область,7208.0,7300.0,7367.0
м. Котовськ,Одеська область,40692.0,40717.0,40640.0
м. Теплодар,Одеська область,10204.0,10227.0,10251.0
м. Южне,Одеська область,31533.0,31796.0,32003.0
м. Ананьїв,Одеська область,8614.0,8563.0,8495.0
м. Арциз,Одеська область,15178.0,15021.0,14919.0
м. Балта,Одеська область,19211.0,19082.0,18993.0
м. Березівка,Одеська область,9760.0,9778.0,9815.0
смт Раухівка,Одеська область,2661.0,2676.0,2691.0
м. Біляївка,Одеська область,12052.0,11993.0,11891.0
смт Хлібодарське,Одеська область,2310.0,2344.0,2398.0
м. Болград,Одеська область,15631.0,15584.0,15499.0
смт Велика Михайлівка,Одеська область,5687.0,5673.0,5638.0
смт Цебрикове,Одеська область,2818.0,2836.0,2854.0
смт Іванівка,Одеська область,2525.0,2497.0,2496.0
смт Петрівка,Одеська область,4699.0,4693.0,4694.0
смт Радісне,Одеська область,1611.0,1597.0,1583.0
смт Суворове,Одеська область,4663.0,4623.0,4591.0
м. Кілія,Одеська область,20606.0,20449.0,20311.0
м. Вилкове,Одеська область,8480.0,8422.0,8365.0
м. Кодима,Одеська область,8865.0,8860.0,8818.0
смт Слобідка,Одеська область,2436.0,2396.0,2385.0
смт Комінтернівське,Одеська область,6887.0,6903.0,6894.0
смт Нові Білярі,Одеська область,191.0,202.0,201.0
смт Чорноморське,Одеська область,6835.0,6865.0,6928.0
смт Красні Окни,Одеська область,5378.0,5355.0,5340.0
смт Любашівка,Одеська область,9462.0,9459.0,9435.0
смт Зеленогірське,Одеська область,1592.0,1568.0,1556.0
смт Миколаївка,Одеська область,2903.0,2853.0,2840.0
смт Овідіополь,Одеська область,11879.0,11887.0,11957.0
смт Авангард,Одеська область,3263.0,3502.0,3782.0
смт Великодолинське,Одеська область,13330.0,13378.0,13446.0
смт Таїрове,Одеська область,2757.0,2818.0,2922.0
м. Рені,Одеська область,19480.0,19315.0,19109.0
м. Роздільна,Одеська область,17904.0,17930.0,17995.0
смт Лиманське,Одеська область,7394.0,7430.0,7458.0
смт Саврань,Одеська область,6550.0,6486.0,6428.0
смт Сарата,Одеська область,4389.0,4351.0,4326.0
смт Тарутине,Одеська область,6114.0,6083.0,6037.0
смт Березине,Одеська область,3516.0,3510.0,3508.0
смт Бородіно,Одеська область,1639.0,1633.0,1618.0
смт Серпневе,Одеська область,1790.0,1777.0,1791.0
м. Татарбунари,Одеська область,10992.0,10974.0,10991.0
смт Фрунзівка,Одеська область,5229.0,5278.0,5298.0
смт Затишшя,Одеська область,3542.0,3568.0,3571.0
смт Ширяєве,Одеська область,6890.0,6807.0,6766.0
м. Полтава,Полтавська область,296852.0,295950.0,294962.0
м. Комсомольск,Полтавська область,51730.0,51958.0,52098.0
м. Кременчук,Полтавська область,225892.0,225828.0,225216.0
м. Лубни,Полтавська область,47643.0,47397.0,47101.0
м. Миргород,Полтавська область,41109.0,40876.0,40603.0
смт Велика Багачка,Полтавська область,5753.0,5785.0,5770.0
смт Гоголеве,Полтавська область,2609.0,2574.0,2570.0
м. Гадяч,Полтавська область,24196.0,24187.0,24129.0
м. Глобине,Полтавська область,10043.0,9921.0,9820.0
смт Градизьк,Полтавська область,6697.0,6572.0,6474.0
м. Гребінка,Полтавська область,10960.0,10938.0,10911.0
смт Диканька,Полтавська область,7824.0,7811.0,7789.0
м. Зіньків,Полтавська область,9953.0,9899.0,9856.0
смт Опішня,Полтавська область,5483.0,5438.0,5410.0
м. Карлівка,Полтавська область,15202.0,15071.0,15001.0
м. Кобеляки,Полтавська область,10181.0,10041.0,9977.0
смт Білики,Полтавська область,5207.0,5151.0,5095.0
смт Козельщина,Полтавська область,3805.0,3809.0,3773.0
смт Нова Галещина,Полтавська область,2300.0,2289.0,2257.0
смт Котельва,Полтавська область,12486.0,12389.0,12388.0
м. Лохвиця,Полтавська область,11863.0,11801.0,11798.0
м. Червонозаводське,Полтавська область,8612.0,8560.0,8472.0
смт Машівка,Полтавська область,3829.0,3819.0,3806.0
смт Комишня,Полтавська область,2331.0,2307.0,2264.0
смт Ромодан,Полтавська область,2907.0,2886.0,2855.0
смт Нові Санжари,Полтавська область,8459.0,8414.0,8389.0
смт Оржиця,Полтавська область,3572.0,3562.0,3554.0
смт Новооржицьке,Полтавська область,1891.0,1872.0,1845.0
м. Пирятин,Полтавська область,15981.0,15933.0,15882.0
смт Решетилівка,Полтавська область,9401.0,9412.0,9385.0
смт Семенівка,Полтавська область,6400.0,6328.0,6264.0
м. Хорол,Полтавська область,13593.0,13532.0,13427.0
смт Чорнухи,Полтавська область,2610.0,2601.0,2585.0
смт Чутове,Полтавська область,6287.0,6255.0,6185.0
смт Артемівка,Полтавська область,3349.0,3353.0,3303.0
смт Шишаки,Полтавська область,4652.0,4553.0,4541.0
м. Рівне,Рівненська область,250333.0,249912.0,249639.0
м. Дубно,Рівненська область,38019.0,38087.0,38068.0
м. Кузнецовськ,Рівненська область,41432.0,41560.0,41726.0
м. Острог,Рівненська область,15725.0,15745.0,15727.0
м. Березне,Рівненська область,13444.0,13435.0,13405.0
смт Соснове,Рівненська область,2033.0,2020.0,2035.0
смт Володимирець,Рівненська область,8969.0,9051.0,9107.0
смт Рафалівка,Рівненська область,3406.0,3429.0,3484.0
смт Гоща,Рівненська область,5369.0,5393.0,5403.0
смт Демидівка,Рівненська область,2586.0,2604.0,2599.0
смт Смига,Рівненська область,2696.0,2685.0,2704.0
м. Дубровиця,Рівненська область,9414.0,9459.0,9499.0
смт Зарічне,Рівненська область,7187.0,7264.0,7320.0
м. Здолбунів,Рівненська область,24569.0,24693.0,24821.0
смт Мізоч,Рівненська область,3561.0,3526.0,3550.0
м. Корець,Рівненська область,7388.0,7304.0,7292.0
м. Костопіль,Рівненська область,31590.0,31668.0,31727.0
смт Млинів,Рівненська область,8420.0,8391.0,8411.0
м. Радивилів,Рівненська область,10508.0,10558.0,10559.0
смт Квасилів,Рівненська область,8214.0,8270.0,8294.0
смт Клевань,Рівненська область,7731.0,7773.0,7786.0
смт Оржів,Рівненська область,3885.0,3922.0,3937.0
смт Рокитне,Рівненська область,6789.0,6830.0,6883.0
смт Томашгород,Рівненська область,2377.0,2422.0,2456.0
м. Сарни,Рівненська область,28625.0,28835.0,28911.0
смт Клесів,Рівненська область,4639.0,4613.0,4662.0
смт Степань,Рівненська область,4173.0,4188.0,4182.0
м. Суми,Сумська область,269177.0,268874.0,268642.0
м. Глухів,Сумська область,34574.0,34282.0,34020.0
м. Конотоп,Сумська область,88787.0,88477.0,88252.0
м. Лебедин,Сумська область,26137.0,25816.0,25721.0
м. Охтирка,Сумська область,49047.0,48881.0,48817.0
м. Ромни,Сумська область,42616.0,41951.0,41364.0
м. Шостка,Сумська область,79058.0,78505.0,77847.0
м. Білопілля,Сумська область,16731.0,16659.0,16598.0
м. Ворожба,Сумська область,7444.0,7363.0,7262.0
смт Жовтневе,Сумська область,4350.0,4302.0,4260.0
смт Улянівка,Сумська область,2527.0,2452.0,2411.0
м. Буринь,Сумська область,9134.0,9031.0,8920.0
смт Велика Писарівка,Сумська область,4481.0,4488.0,4423.0
смт Кириківка,Сумська область,2692.0,2928.0,2907.0
смт Червоне,Сумська область,1511.0,1481.0,1466.0
смт Шалигине,Сумська область,2502.0,2451.0,2425.0
смт Дубов'язівка,Сумська область,2622.0,2595.0,2576.0
смт Краснопілля,Сумська область,8355.0,8341.0,8338.0
смт Угроїди,Сумська область,2159.0,2112.0,2093.0
м. Кролевець,Сумська область,23574.0,23507.0,23404.0
смт Липова Долина,Сумська область,5324.0,5252.0,5232.0
смт Недригайлів,Сумська область,5716.0,5646.0,5636.0
смт Терни,Сумська область,3136.0,3119.0,3088.0
смт Чупахівка,Сумська область,2461.0,2441.0,2413.0
м. Путивль,Сумська область,16317.0,16175.0,16009.0
м. Середина-Буда,Сумська область,7231.0,7169.0,7144.0
смт Зноб-Новгородське,Сумська область,1966.0,1935.0,1909.0
смт Низи,Сумська область,2889.0,2874.0,2877.0
смт Степанівка,Сумська область,5577.0,5561.0,5541.0
смт Хотінь,Сумська область,2468.0,2476.0,2450.0
м. Тростянець,Сумська область,21368.0,21220.0,21003.0
смт Вороніж,Сумська область,7182.0,7151.0,7070.0
м. Дружба,Сумська область,5031.0,4997.0,4919.0
смт Ямпіль,Сумська область,4697.0,4641.0,4598.0
смт Свеса,Сумська область,6907.0,6838.0,6755.0
м. Тернопіль,Тернопільська область,217118.0,217110.0,217773.0
м. Чортків,Тернопільська область,29640.0,29662.0,29702.0
м. Бережани,Тернопільська область,18161.0,18264.0,18318.0
м. Борщів,Тернопільська область,11222.0,11202.0,11167.0
смт Мельниця-Подільська,Тернопільська область,3700.0,3722.0,3702.0
смт Скала-Подільська,Тернопільська область,4263.0,4251.0,4258.0
м. Бучач,Тернопільська область,12597.0,12631.0,12667.0
смт Золотий Потік,Тернопільська область,2469.0,2457.0,2424.0
м. Копичинці,Тернопільська область,6890.0,6869.0,6841.0
м. Хоростків,Тернопільська область,7057.0,7034.0,6990.0
смт Гусятин,Тернопільська область,7147.0,7178.0,7201.0
смт Гримайлів,Тернопільська область,1947.0,1933.0,1912.0
м. Заліщики,Тернопільська область,9417.0,9379.0,9384.0
смт Товсте,Тернопільська область,3348.0,3353.0,3344.0
м. Збараж,Тернопільська область,14004.0,14054.0,14073.0
смт Вишнівець,Тернопільська область,3389.0,3377.0,3349.0
м. Зборів,Тернопільська область,6923.0,6816.0,6773.0
смт Залізці,Тернопільська область,2735.0,2710.0,2694.0
смт Козова,Тернопільська область,9312.0,9291.0,9272.0
смт Козлів,Тернопільська область,1846.0,1821.0,1820.0
м. Кременець,Тернопільська область,21729.0,21624.0,21620.0
м. Почаїв,Тернопільська область,7842.0,7834.0,7812.0
м. Ланівці,Тернопільська область,8752.0,8746.0,8778.0
м. Монастириська,Тернопільська область,6089.0,6065.0,6020.0
смт Коропець,Тернопільська область,3474.0,3429.0,3396.0
м. Скалат,Тернопільська область,4018.0,4020.0,4025.0
смт Підволочиськ,Тернопільська область,8069.0,8063.0,8056.0
м. Підгайці,Тернопільська область,2866.0,2830.0,2806.0
м. Теребовля,Тернопільська область,13783.0,13709.0,13678.0
смт Дружба,Тернопільська область,1860.0,1861.0,1891.0
смт Микулинці,Тернопільська область,3741.0,3717.0,3713.0
смт Велика Березовиця,Тернопільська область,7556.0,7787.0,7972.0
смт Великі Бірки,Тернопільська область,3448.0,3444.0,3440.0
смт Заводське,Тернопільська область,3422.0,3442.0,3461.0
м. Шумськ,Тернопільська область,5404.0,5460.0,5465.0
м. Харків,Харківська область,1451028.0,1451132.0,1452887.0
м. Ізюм,Харківська область,51511.0,51175.0,50591.0
м. Куп'янськ,Харківська область,29487.0,29247.0,29057.0
смт Ківшарівка,Харківська область,19422.0,19345.0,19264.0
смт Куп'янськ-Вузловий,Харківська область,8989.0,8895.0,8821.0
м. Лозова,Харківська область,58307.0,57916.0,57407.0
смт Панютине,Харківська область,7397.0,7358.0,7338.0
м. Люботин,Харківська область,21909.0,21853.0,21714.0
м. Первомайський,Харківська область,31061.0,30984.0,30821.0
м. Чугуїв,Харківська область,32279.0,32379.0,32442.0
м. Балаклія,Харківська область,29499.0,29395.0,29307.0
смт Андріївка,Харківська область,8967.0,8918.0,8847.0
смт Савинці,Харківська область,5154.0,5141.0,5120.0
смт Червоний Донець,Харківська область,8997.0,8927.0,8884.0
м. Барвінкове,Харківська область,9709.0,9465.0,9290.0
смт Близнюки,Харківська область,3909.0,3856.0,3844.0
м. Богодухів,Харківська область,15797.0,15720.0,15658.0
смт Гути,Харківська область,1782.0,1768.0,1755.0
смт Шарівка,Харківська область,1691.0,1712.0,1699.0
смт Борова,Харківська область,5740.0,5722.0,5685.0
м. Валки,Харківська область,9410.0,9355.0,9322.0
смт Ков'яги,Харківська область,3138.0,3121.0,3117.0
смт Старий Мерчик,Харківська область,1772.0,1779.0,1816.0
смт Великий Бурлук,Харківська область,4053.0,4019.0,3998.0
смт Приколотне,Харківська область,2118.0,2089.0,2079.0
м. Вовчанськ,Харківська область,19082.0,19029.0,18906.0
смт Білий Колодязь,Харківська область,3988.0,3950.0,3959.0
смт Вільча,Харківська область,1759.0,1765.0,1781.0
смт Старий Салтів,Харківська область,3647.0,3615.0,3580.0
смт Дворічна,Харківська область,3812.0,3794.0,3733.0
м. Дергачі,Харківська область,18154.0,18210.0,18223.0
смт Вільшани,Харківська область,7041.0,7006.0,6964.0
смт Козача Лопань,Харківська область,5334.0,5305.0,5270.0
смт Мала Данилівка,Харківська область,8162.0,8223.0,8275.0
смт Пересічне,Харківська область,7118.0,7111.0,7123.0
смт Прудянка,Харківська область,1852.0,1826.0,1827.0
смт Слатине,Харківська область,6526.0,6517.0,6494.0
смт Солоницівка,Харківська область,13761.0,13804.0,13751.0
смт Зачепилівка,Харківська область,3753.0,3677.0,3651.0
м. Зміїв,Харківська область,15211.0,15160.0,15049.0
смт Зідьки,Харківська область,3866.0,3857.0,3903.0
смт Комсомольське,Харківська область,14776.0,14681.0,14598.0
смт Золочів,Харківська область,9012.0,8977.0,9034.0
смт Кегичівка,Харківська область,6246.0,6186.0,6165.0
смт Чапаєве,Харківська область,2772.0,2745.0,2730.0
смт Коломак,Харківська область,3074.0,3004.0,2962.0
м. Красноград,Харківська область,21332.0,21231.0,21143.0
смт Краснокутськ,Харківська область,7744.0,7695.0,7642.0
смт Костянтинівка,Харківська область,1364.0,1319.0,1293.0
смт Краснопавлівка,Харківська область,7289.0,7260.0,7193.0
смт Орілька,Харківська область,3328.0,3288.0,3260.0
смт Нова Водолага,Харківська область,11739.0,11583.0,11447.0
смт Бірки,Харківська область,537.0,549.0,557.0
смт Печеніги,Харківська область,5466.0,5454.0,5406.0
смт Сахновщина,Харківська область,7571.0,7521.0,7443.0
м. Мерефа,Харківська область,22280.0,22383.0,22336.0
м. Південне,Харківська область,7818.0,7856.0,7788.0
смт Бабаї,Харківська область,6930.0,6915.0,6884.0
смт Безлюдівка,Харківська область,9698.0,9699.0,9700.0
смт Березівка,Харківська область,1620.0,1639.0,1647.0
смт Буди,Харківська область,6279.0,6262.0,6216.0
смт Васищеве,Харківська область,6021.0,5995.0,5979.0
смт Високий,Харківська область,10546.0,10552.0,10535.0
смт Коротич,Харківська область,5173.0,5170.0,5174.0
смт Кулиничі,Харківська область,3103.0,3055.0,3030.0
смт Манченки,Харківська область,822.0,782.0,751.0
смт Пісочин,Харківська область,22658.0,22972.0,23116.0
смт Покотилівка,Харківська область,9849.0,9835.0,9805.0
смт Рогань,Харківська область,3729.0,3699.0,3651.0
смт Утківка,Харківська область,1242.0,1228.0,1230.0
смт Хорошеве,Харківська область,4301.0,4300.0,4268.0
смт Введенка,Харківська область,2435.0,2456.0,2442.0
смт Есхар,Харківська область,5480.0,5519.0,5495.0
смт Кочеток,Харківська область,3124.0,3115.0,3124.0
смт Малинівка,Харківська область,7511.0,7584.0,7552.0
смт Новопокровка,Харківська область,4792.0,4829.0,4856.0
смт Чкаловське,Харківська область,3982.0,3953.0,3926.0
смт Шевченкове,Харківська область,7100.0,7063.0,7032.0
м. Херсон,Херсонська область,299052.0,297593.0,296448.0
смт Антонівка,Херсонська область,12855.0,12807.0,12881.0
смт Зеленівка,Херсонська область,5794.0,5796.0,5846.0
смт Комишани,Херсонська область,7051.0,7071.0,7054.0
смт Наддніпрянське,Херсонська область,1133.0,1149.0,1129.0
м. Гола Пристань,Херсонська область,14870.0,14785.0,14652.0
м. Каховка,Херсонська область,37419.0,37316.0,37103.0
м. Нова Каховка,Херсонська область,47852.0,47638.0,47286.0
м.Таврійськ,Херсонська область,11001.0,10941.0,10904.0
смт Дніпряни,Херсонська область,4372.0,4322.0,4307.0
м. Берислав,Херсонська область,13187.0,13044.0,12966.0
смт Козацьке,Херсонська область,3790.0,3791.0,3806.0
смт Білозерка,Херсонська область,9779.0,9738.0,9763.0
смт Велика Лепетиха,Херсонська область,8546.0,8444.0,8378.0
смт Велика Олександрівка,Херсонська область,6964.0,6941.0,6918.0
смт Біла Криниця,Херсонська область,1326.0,1290.0,1269.0
смт Калінінське,Херсонська область,1247.0,1232.0,1204.0
смт Кар'єрне,Херсонська область,376.0,382.0,385.0
смт Верхній Рогачик,Херсонська область,5872.0,5794.0,5763.0
смт Високопілля,Херсонська область,4296.0,4279.0,4274.0
смт Архангельське,Херсонська область,1906.0,1890.0,1886.0
м. Генічеськ,Херсонська область,20353.0,20132.0,20049.0
смт Новоолексіївка,Херсонська область,10226.0,10221.0,10192.0
смт Партизани,Херсонська область,3589.0,3567.0,3552.0
смт Горностаївка,Херсонська область,6687.0,6682.0,6686.0
смт Іванівка,Херсонська область,4645.0,4630.0,4564.0
смт Каланчак,Херсонська область,9405.0,9337.0,9319.0
смт Мирне,Херсонська область,1946.0,1927.0,1909.0
смт Любимівка,Херсонська область,5615.0,5639.0,5678.0
смт Нижні Сірогози,Херсонська область,5020.0,4982.0,4921.0
смт Нововоронцовка,Херсонська область,6448.0,6409.0,6406.0
смт Новотроїцьке,Херсонська область,10726.0,10652.0,10597.0
смт Сиваське,Херсонська область,4528.0,4490.0,4412.0
м. Скадовськ,Херсонська область,18940.0,18824.0,18719.0
смт Лазурне,Херсонська область,3205.0,3191.0,3176.0
м. Цюрупинськ,Херсонська область,25112.0,25086.0,25098.0
смт Брилівка,Херсонська область,4394.0,4368.0,4352.0
смт Нова Маячка,Херсонська область,7096.0,7054.0,7015.0
смт Чаплинка,Херсонська область,9910.0,9870.0,9792.0
смт Асканія-Нова,Херсонська область,2952.0,2918.0,2881.0
м. Хмельницький,Хмельницька область,264988.0,266095.0,267735.0
м. Кам'янець-Подільський,Хмельницька область,102743.0,102254.0,101728.0
м. Нетішин,Хмельницька область,36741.0,36844.0,36969.0
м. Славута,Хмельницька область,35625.0,35892.0,36029.0
м. Старокостянтинів,Хмельницька область,34945.0,35104.0,35255.0
м. Шепетівка,Хмельницька область,43375.0,43255.0,43090.0
смт Білогір'я,Хмельницька область,5485.0,5424.0,5406.0
смт Ямпіль,Хмельницька область,1980.0,1989.0,1994.0
смт Віньківці,Хмельницька область,6429.0,6392.0,6374.0
м. Волочиськ,Хмельницька область,19619.0,19574.0,19516.0
смт Війтівці,Хмельницька область,896.0,870.0,865.0
смт Наркевичі,Хмельницька область,1547.0,1555.0,1555.0
м. Городок,Хмельницька область,16761.0,16741.0,16646.0
смт Сатанів,Хмельницька область,2408.0,2425.0,2416.0
м. Деражня,Хмельницька область,10317.0,10302.0,10346.0
смт Вовковинці,Хмельницька область,2519.0,2535.0,2529.0
смт Лозове,Хмельницька область,1581.0,1592.0,1585.0
м. Дунаївці,Хмельницька область,16219.0,16232.0,16286.0
смт Дунаївці,Хмельницька область,2536.0,2527.0,2514.0
смт Смотрич,Хмельницька область,1897.0,1902.0,1900.0
м. Ізяслав,Хмельницька область,17172.0,17212.0,17117.0
смт Стара Ушиця,Хмельницька область,2302.0,2264.0,2253.0
м. Красилів,Хмельницька область,19743.0,19679.0,19618.0
смт Антоніни,Хмельницька область,2359.0,2352.0,2345.0
смт Летичів,Хмельницька область,10590.0,10570.0,10571.0
смт Меджибіж,Хмельницька область,1480.0,1471.0,1456.0
смт Нова Ушиця,Хмельницька область,4353.0,4318.0,4281.0
м. Полонне,Хмельницька область,21749.0,21651.0,21598.0
смт Понінка,Хмельницька область,7443.0,7410.0,7356.0
смт Стара Синява,Хмельницька область,5585.0,5581.0,5553.0
смт Теофіполь,Хмельницька область,6786.0,6742.0,6773.0
смт Базалія,Хмельницька область,1715.0,1688.0,1669.0
смт Чорний Острів,Хмельницька область,972.0,964.0,983.0
смт Чемерівці,Хмельницька область,5346.0,5314.0,5318.0
смт Закупне,Хмельницька область,1369.0,1373.0,1372.0
смт Гриців,Хмельницька область,3656.0,3607.0,3551.0
смт Ярмолинці,Хмельницька область,7790.0,7773.0,7750.0
м. Черкаси,Черкаська область,285605.0,285170.0,284766.0
м. Ватутіне,Черкаська область,17563.0,17278.0,17044.0
м. Золотоноша,Черкаська область,28371.0,28321.0,28286.0
м. Канів,Черкаська область,25558.0,25354.0,25293.0
м. Сміла,Черкаська область,68636.0,68740.0,68618.0
м. Умань,Черкаська область,87111.0,86621.0,86451.0
м. Городище,Черкаська область,14291.0,14249.0,14200.0
смт Вільшана,Черкаська область,3194.0,3167.0,3136.0
смт Цвіткове,Черкаська область,1272.0,1265.0,1259.0
смт Драбів,Черкаська область,6705.0,6643.0,6602.0
смт Шрамківка,Черкаська область,2840.0,2811.0,2792.0
м. Жашків,Черкаська область,14234.0,14146.0,14104.0
м. Звенигородка,Черкаська область,17958.0,17771.0,17592.0
м. Кам'янка,Черкаська область,12652.0,12427.0,12227.0
смт Катеринопіль,Черкаська область,5719.0,5708.0,5802.0
смт Єрки,Черкаська область,3972.0,3967.0,3984.0
м. Корсунь-Шевченківський,Черкаська область,18655.0,18656.0,18540.0
смт Стеблів,Черкаська область,3636.0,3604.0,3560.0
смт Лисянка,Черкаська область,8136.0,8068.0,8047.0
смт Маньківка,Черкаська область,7901.0,7828.0,7789.0
смт Буки,Черкаська область,1916.0,1888.0,1851.0
м. Монастирище,Черкаська область,9040.0,8970.0,8946.0
смт Цибулів,Черкаська область,3697.0,3679.0,3631.0
м. Тальне,Черкаська область,14216.0,14160.0,14110.0
смт Бабанка,Черкаська область,2314.0,2299.0,2278.0
м. Христинівка,Черкаська область,10860.0,10853.0,10806.0
смт Верхнячка,Черкаська область,3837.0,3802.0,3764.0
смт Ірдинь,Черкаська область,865.0,846.0,820.0
м. Чигирин,Черкаська область,9371.0,9258.0,9100.0
смт Чорнобай,Черкаська область,7396.0,7355.0,7326.0
м. Шпола,Черкаська область,17806.0,17549.0,17385.0
м. Чернівці,Чернівецька область,258842.0,262129.0,264333.0
м. Новодністровськ,Чернівецька область,10776.0,10729.0,10918.0
м. Вижниця,Чернівецька область,4207.0,4157.0,4133.0
м. Вашківці,Чернівецька область,5406.0,5405.0,5407.0
смт Берегомет,Чернівецька область,7751.0,7737.0,7762.0
м. Герца,Чернівецька область,2122.0,2113.0,2112.0
смт Глибока,Чернівецька область,9466.0,9435.0,9433.0
м. Заставна,Чернівецька область,8063.0,7985.0,7943.0
смт Кострижівка,Чернівецька область,2718.0,2733.0,2716.0
смт Кельменці,Чернівецька область,7457.0,7413.0,7389.0
м. Кіцмань,Чернівецька область,6762.0,6603.0,6433.0
смт Лужани,Чернівецька область,4787.0,4798.0,4858.0
смт Неполоківці,Чернівецька область,2493.0,2483.0,2495.0
Сільське населення,Чернівецька область,55982.0,55719.0,55614.0
м. Новоселиця,Чернівецька область,7774.0,7714.0,7662.0
смт Путила,Чернівецька область,3373.0,3374.0,3414.0
м. Сокиряни,Чернівецька область,9462.0,9388.0,9349.0
м. Сторожинець,Чернівецька область,14473.0,14407.0,14301.0
смт Красноїльськ,Чернівецька область,9950.0,10021.0,10112.0
м. Хотин,Чернівецька область,9771.0,9591.0,9482.0
м. Чернігів,Чернігівська область,296089.0,295670.0,294727.0
м. Ніжин,Чернігівська область,73282.0,72869.0,72422.0
м. Новгород-Сіверський,Чернігівська область,13791.0,13753.0,13762.0
м. Прилуки,Чернігівська область,58475.0,58202.0,57735.0
м. Бахмач,Чернігівська область,18683.0,18604.0,18552.0
м. Батурин,Чернігівська область,2716.0,2652.0,2622.0
смт Дмитрівка,Чернігівська область,2393.0,2368.0,2334.0
м. Бобровиця,Чернігівська область,11238.0,11279.0,11289.0
м. Борзна,Чернігівська область,10535.0,10396.0,10319.0
смт Варва,Чернігівська область,8333.0,8302.0,8235.0
м. Городня,Чернігівська область,12558.0,12431.0,12356.0
м. Ічня,Чернігівська область,11587.0,11454.0,11357.0
смт Дружба,Чернігівська область,1007.0,1013.0,1026.0
смт Парафіївка,Чернігівська область,2522.0,2455.0,2427.0
м. Остер,Чернігівська область,6339.0,6295.0,6257.0
смт Козелець,Чернігівська область,8189.0,8153.0,8139.0
смт Десна,Чернігівська область,7570.0,7550.0,7522.0
смт Короп,Чернігівська область,5486.0,5433.0,5434.0
смт Понорниця,Чернігівська область,2309.0,2269.0,2215.0
м. Корюківка,Чернігівська область,13161.0,13114.0,13111.0
смт Холми,Чернігівська область,2788.0,2760.0,2736.0
смт Куликівка,Чернігівська область,5534.0,5484.0,5466.0
м. Мена,Чернігівська область,12264.0,12181.0,12104.0
смт Березна,Чернігівська область,4833.0,4807.0,4763.0
смт Макошине,Чернігівська область,2363.0,2349.0,2313.0
смт Лосинівка,Чернігівська область,4127.0,4082.0,4035.0
м. Носівка,Чернігівська область,14077.0,14007.0,13895.0
смт Ладан,Чернігівська область,6366.0,6299.0,6230.0
смт Линовиця,Чернігівська область,2743.0,2746.0,2728.0
смт Мала Дівиця,Чернігівська область,2138.0,2095.0,2049.0
смт Ріпки,Чернігівська область,7397.0,7349.0,7310.0
смт Добрянка,Чернігівська область,2894.0,2853.0,2838.0
смт Замглай,Чернігівська область,1830.0,1804.0,1798.0
смт Любеч,Чернігівська область,2175.0,2146.0,2101.0
смт Радуль,Чернігівська область,560.0,550.0,536.0
м. Семенівка,Чернігівська область,8476.0,8486.0,8489.0
смт Сосниця,Чернігівська область,7355.0,7302.0,7233.0
смт Срібне,Чернігівська область,3251.0,3232.0,3214.0
смт Дігтярі,Чернігівська область,1253.0,1238.0,1237.0
смт Талалаївка,Чернігівська область,5071.0,5052.0,5037.0
смт Гончарівське,Чернігівська область,3388.0,3451.0,3475.0
смт Михайло-Коцюбинське,Чернігівська область,2934.0,2930.0,2923.0
смт Олишівка,Чернігівська область,2021.0,1986.0,1978.0
смт Седнів,Чернігівська область,1141.0,1132.0,1122.0
м. Щорс,Чернігівська область,11471.0,11455.0,11390.0
м. Київ,,2845023.0,2868702.0,2887974.0
м.Севастополь,,342580.0,344853.0,NA
м. Інкерман,,11985.0,12028.0,NA
смт Кача,,5137.0,5137.0,NA
